{
  "Average Median Translation Error": 2.5983121389999346,
  "Average Median Rotation Error": 46.919521662648265,
  "Average Median Reprojection Error": 180.64192031862603,
  "Precision @ Pose Error < (25.0cm, 5deg)": 0.11387275428880184,
  "AUC @ Pose Error < (25.0cm, 5deg)": 0.30442443102481714,
  "Precision @ VCRE < 90px": 0.30447116034040256,
  "AUC @ VCRE < 90px": 0.5971759364785291,
  "Estimates for % of frames": 1.0
}
