{
  "Average Median Translation Error": 2.9152178467189787,
  "Average Median Rotation Error": 52.937340702276316,
  "Average Median Reprojection Error": 187.00095744420764,
  "Precision @ Pose Error < (25.0cm, 5deg)": 0.06240713224368499,
  "AUC @ Pose Error < (25.0cm, 5deg)": 0.19344098252140104,
  "Precision @ VCRE < 90px": 0.25651762798865324,
  "AUC @ VCRE < 90px": 0.5244867457355904,
  "Estimates for % of frames": 1.0
}
